"Project Name","ID","Created Date","Updated Date","Owner","Main Project Image","Project Description","Info/Specifications","Project Images","Alt_Image Text","Category","Sorting Number","Featured","Portfolio (Item)","Portfolio (List)","Status","Location","Period"
"Nana Peprah's Residence","0615ecc9-c0e6-4a2d-88e7-5ed8859a47e1",2025-03-02T00:53:52Z,2025-06-14T21:23:11Z,"f886ce41-8d4b-4f0a-84ae-4e65ff76df9f","wix:image://v1/f886ce_b744071b422543c1bed04229c4d45d8f~mv2.jpg/Pool-Side-View_01B.jpg#originWidth=2560&originHeight=1440","Inspired by the unending horizon, this coastal home is designed to embrace the ebb and flow of the sea. The living room extends into a sun-drenched terrace, where soft sea breezes carry the scent of salt and freedom. In the bedrooms, neutral palettes, soft linens, and panoramic views set the stage for restful slumber, while the master suite boasts a spa-like bath that echoes the serenity of the shoreline. The kitchen is a refined yet relaxed space, featuring natural stone countertops and an open-plan design that fosters connection. A dining area bathed in golden coastal light invites slow, thoughtful meals with a view. Outside, a lush garden with swaying palms and an infinity pool mirrors the vast ocean beyond, making this home not just a residence, but a living, breathing coastal retreat.",,"[{""description"":"""",""slug"":""f886ce_f5c41d23f51241d7aeb7079eb107f771~mv2.jpg"",""alt"":"""",""src"":""wix:image://v1/f886ce_f5c41d23f51241d7aeb7079eb107f771~mv2.jpg/_.jpg#originWidth=2560&originHeight=1440"",""title"":"""",""type"":""image"",""settings"":{""width"":2560,""height"":1440,""focalPoint"":[0.5,0.5]}},{""description"":"""",""slug"":""f886ce_bce318fb21874f55986ccaf793883f28~mv2.jpg"",""alt"":"""",""src"":""wix:image://v1/f886ce_bce318fb21874f55986ccaf793883f28~mv2.jpg/_.jpg#originWidth=2560&originHeight=1440"",""title"":"""",""type"":""image"",""settings"":{""width"":2560,""height"":1440,""focalPoint"":[0.5,0.5]}},{""description"":"""",""slug"":""f886ce_b744071b422543c1bed04229c4d45d8f~mv2.jpg"",""alt"":"""",""src"":""wix:image://v1/f886ce_b744071b422543c1bed04229c4d45d8f~mv2.jpg/_.jpg#originWidth=2560&originHeight=1440"",""title"":"""",""type"":""image"",""settings"":{""width"":2560,""height"":1440,""focalPoint"":[0.5,0.5]}},{""description"":"""",""slug"":""f886ce_65c183ee71624a92abaad180e1986071~mv2.jpg"",""alt"":"""",""src"":""wix:image://v1/f886ce_65c183ee71624a92abaad180e1986071~mv2.jpg/_.jpg#originWidth=2560&originHeight=1440"",""title"":"""",""type"":""image"",""settings"":{""width"":2560,""height"":1440,""focalPoint"":[0.5,0.5]}}]",,"[""Residential""]",,,"/portfolio/nana-peprah's-residence","/portfolio/","[""Design""]","Accra","2023"
"Ga Traditional Council Durbar Grounds","1b768f87-f033-408d-8bad-1f354d463774",2025-03-02T00:53:52Z,2025-06-22T14:33:51Z,"f886ce41-8d4b-4f0a-84ae-4e65ff76df9f","wix:image://v1/f886ce_9d68299eefb74e88a2c425ef79496730~mv2.jpg/Image10.jpg#originWidth=2560&originHeight=1440","A dynamic and engaging space designed for connection and joy. With vibrant colors, interactive elements, and a free-flowing layout, this project transforms social interactions into a lively experience.",,"[{""description"":"""",""slug"":""f886ce_9d68299eefb74e88a2c425ef79496730~mv2.jpg"",""alt"":"""",""src"":""wix:image://v1/f886ce_9d68299eefb74e88a2c425ef79496730~mv2.jpg/_.jpg#originWidth=2560&originHeight=1440"",""title"":"""",""type"":""image"",""settings"":{""width"":2560,""height"":1440,""focalPoint"":[0.5,0.5]}}]",,"[""Social""]",,,"/portfolio/ga-traditional-council-durbar-grounds","/portfolio/","[""Design""]","Accra","2022"
"Madjie's Residence","37e4360b-a562-4121-8ebc-6a91214d7dc6",2025-03-02T00:53:52Z,2025-06-14T21:23:22Z,"f886ce41-8d4b-4f0a-84ae-4e65ff76df9f","wix:image://v1/f886ce_35a4ae3dc0054d18a1bd8dd36bb2083a~mv2.jpg/Madjie3.jpg#originWidth=2560&originHeight=1440","Nestled within a lush tropical setting, this residence is a masterpiece of seamless indoor-outdoor living. The living spaces breathe with nature, featuring expansive glass walls and open courtyards that invite natural light and refreshing breezes. The bedrooms are personal retreats, where floor-to-ceiling windows frame vibrant greenery, and wooden accents create a warm, organic ambiance. The kitchen and dining areas embrace communal living, blending earthy textures with modern finishes to create a space where cooking and conversation flow effortlessly. Stepping into the garden, a curated oasis of native flora, water features, and shaded lounges complete this tranquil retreat, blurring the boundaries between home and nature.",,"[{""description"":"""",""slug"":""f886ce_143e042db4524e5497797dc825487cf4~mv2.jpg"",""alt"":"""",""src"":""wix:image://v1/f886ce_143e042db4524e5497797dc825487cf4~mv2.jpg/_.jpg#originWidth=2560&originHeight=1440"",""title"":"""",""type"":""image"",""settings"":{""width"":2560,""height"":1440,""focalPoint"":[0.5,0.5]}},{""description"":"""",""slug"":""f886ce_35a4ae3dc0054d18a1bd8dd36bb2083a~mv2.jpg"",""alt"":"""",""src"":""wix:image://v1/f886ce_35a4ae3dc0054d18a1bd8dd36bb2083a~mv2.jpg/_.jpg#originWidth=2560&originHeight=1440"",""title"":"""",""type"":""image"",""settings"":{""width"":2560,""height"":1440,""focalPoint"":[0.5,0.5]}},{""description"":"""",""slug"":""f886ce_618fe376300d455fa06771c2a52d90f4~mv2.jpg"",""alt"":"""",""src"":""wix:image://v1/f886ce_618fe376300d455fa06771c2a52d90f4~mv2.jpg/_.jpg#originWidth=2560&originHeight=1440"",""title"":"""",""type"":""image"",""settings"":{""width"":2560,""height"":1440,""focalPoint"":[0.5,0.5]}},{""description"":"""",""slug"":""f886ce_001e9cf608394410bc3e2bfb54050d94~mv2.jpg"",""alt"":"""",""src"":""wix:image://v1/f886ce_001e9cf608394410bc3e2bfb54050d94~mv2.jpg/_.jpg#originWidth=2560&originHeight=1440"",""title"":"""",""type"":""image"",""settings"":{""width"":2560,""height"":1440,""focalPoint"":[0.5,0.5]}},{""description"":"""",""slug"":""f886ce_90e534a01d9b489fbddcab8b7d46c0f5~mv2.jpg"",""alt"":"""",""src"":""wix:image://v1/f886ce_90e534a01d9b489fbddcab8b7d46c0f5~mv2.jpg/_.jpg#originWidth=2560&originHeight=1440"",""title"":"""",""type"":""image"",""settings"":{""width"":2560,""height"":1440,""focalPoint"":[0.5,0.5]}}]",,"[""Residential""]",,,"/portfolio/madjie's-residence","/portfolio/","[""Design""]","Accra","2021"
"Gloria's Residence","84c9aa46-bce3-4fb6-a876-ca8492b0c727",2025-03-02T00:53:52Z,2025-06-14T21:23:36Z,"f886ce41-8d4b-4f0a-84ae-4e65ff76df9f","wix:image://v1/f886ce_6ffd457afcbc474cb42bf550b35f1a05~mv2.jpg/A.jpg#originWidth=2560&originHeight=1440","Nestled within a lush tropical setting, this residence is a masterpiece of seamless indoor-outdoor living. The living spaces breathe with nature, featuring expansive glass walls and open courtyards that invite natural light and refreshing breezes. The bedrooms are personal retreats, where floor-to-ceiling windows frame vibrant greenery, and wooden accents create a warm, organic ambiance. The kitchen and dining areas embrace communal living, blending earthy textures with modern finishes to create a space where cooking and conversation flow effortlessly. Stepping into the garden, a curated oasis of native flora, water features, and shaded lounges complete this tranquil retreat, blurring the boundaries between home and nature.",,"[{""description"":"""",""slug"":""f886ce_6ffd457afcbc474cb42bf550b35f1a05~mv2.jpg"",""alt"":"""",""src"":""wix:image://v1/f886ce_6ffd457afcbc474cb42bf550b35f1a05~mv2.jpg/_.jpg#originWidth=2560&originHeight=1440"",""title"":"""",""type"":""image"",""settings"":{""width"":2560,""height"":1440,""focalPoint"":[0.5,0.5]}},{""description"":"""",""slug"":""f886ce_288b02ea00c2465c8d5735a4d7f855d0~mv2.jpg"",""alt"":"""",""src"":""wix:image://v1/f886ce_288b02ea00c2465c8d5735a4d7f855d0~mv2.jpg/_.jpg#originWidth=2560&originHeight=1440"",""title"":"""",""type"":""image"",""settings"":{""width"":2560,""height"":1440,""focalPoint"":[0.5,0.5]}},{""description"":"""",""slug"":""f886ce_2d1788745ac34bd5a49a3168dc4d8ff7~mv2.jpg"",""alt"":"""",""src"":""wix:image://v1/f886ce_2d1788745ac34bd5a49a3168dc4d8ff7~mv2.jpg/_.jpg#originWidth=2560&originHeight=1440"",""title"":"""",""type"":""image"",""settings"":{""width"":2560,""height"":1440,""focalPoint"":[0.5,0.5]}},{""description"":"""",""slug"":""f886ce_272e1f3dd89d41b5a626e99acd0ab829~mv2.jpg"",""alt"":"""",""src"":""wix:image://v1/f886ce_272e1f3dd89d41b5a626e99acd0ab829~mv2.jpg/_.jpg#originWidth=2551&originHeight=1435"",""title"":"""",""type"":""image"",""settings"":{""width"":2551,""height"":1435,""focalPoint"":[0.5,0.5]}},{""description"":"""",""slug"":""f886ce_e1e07b21cf79458994f5709471251a95~mv2.jpg"",""alt"":"""",""src"":""wix:image://v1/f886ce_e1e07b21cf79458994f5709471251a95~mv2.jpg/_.jpg#originWidth=2560&originHeight=1440"",""title"":"""",""type"":""image"",""settings"":{""width"":2560,""height"":1440,""focalPoint"":[0.5,0.5]}},{""description"":"""",""slug"":""f886ce_f55065031f7145328bc35972307aa8e3~mv2.jpg"",""alt"":"""",""src"":""wix:image://v1/f886ce_f55065031f7145328bc35972307aa8e3~mv2.jpg/_.jpg#originWidth=2560&originHeight=1440"",""title"":"""",""type"":""image"",""settings"":{""width"":2560,""height"":1440,""focalPoint"":[0.5,0.5]}},{""description"":"""",""slug"":""f886ce_12e5bd5f91564eacba329945f7527c62~mv2.jpg"",""alt"":"""",""src"":""wix:image://v1/f886ce_12e5bd5f91564eacba329945f7527c62~mv2.jpg/_.jpg#originWidth=2560&originHeight=1440"",""title"":"""",""type"":""image"",""settings"":{""width"":2560,""height"":1440,""focalPoint"":[0.5,0.5]}}]",,"[""Residential""]",3,true,"/portfolio/gloria's-residence","/portfolio/","[""Design""]","Accra","2020"
"Maame Sika's Residence","88ebff0e-adea-415d-a4fb-d8ab221361f7",2025-03-02T00:53:52Z,2025-06-16T15:07:20Z,"f886ce41-8d4b-4f0a-84ae-4e65ff76df9f","wix:image://v1/f886ce_fbd3799db5654083a911c8ab838ab507~mv2.jpg/SIKA_Photo%20-%202.jpg#originWidth=3840&originHeight=2160","Nestled within a lush tropical setting, this residence is a masterpiece of seamless indoor-outdoor living. The living spaces breathe with nature, featuring expansive glass walls and open courtyards that invite natural light and refreshing breezes. The bedrooms are personal retreats, where floor-to-ceiling windows frame vibrant greenery, and wooden accents create a warm, organic ambiance. The kitchen and dining areas embrace communal living, blending earthy textures with modern finishes to create a space where cooking and conversation flow effortlessly. Stepping into the garden, a curated oasis of native flora, water features, and shaded lounges complete this tranquil retreat, blurring the boundaries between home and nature.",,"[{""description"":"""",""slug"":""f886ce_a311f361ba8a4ceb89c361ef7408cbfc~mv2.jpg"",""alt"":"""",""src"":""wix:image://v1/f886ce_a311f361ba8a4ceb89c361ef7408cbfc~mv2.jpg/_.jpg#originWidth=3840&originHeight=2160"",""title"":"""",""type"":""image"",""settings"":{""width"":3840,""height"":2160,""focalPoint"":[0.5,0.5]}},{""description"":"""",""slug"":""f886ce_fbd3799db5654083a911c8ab838ab507~mv2.jpg"",""alt"":"""",""src"":""wix:image://v1/f886ce_fbd3799db5654083a911c8ab838ab507~mv2.jpg/_.jpg#originWidth=3840&originHeight=2160"",""title"":"""",""type"":""image"",""settings"":{""width"":3840,""height"":2160,""focalPoint"":[0.5,0.5]}},{""description"":"""",""slug"":""f886ce_41660d86af104eaa9b09e6e424d66fd5~mv2.jpg"",""alt"":"""",""src"":""wix:image://v1/f886ce_41660d86af104eaa9b09e6e424d66fd5~mv2.jpg/_.jpg#originWidth=1920&originHeight=1080"",""title"":"""",""type"":""image"",""settings"":{""width"":1920,""height"":1080,""focalPoint"":[0.5,0.5]}},{""description"":"""",""slug"":""f886ce_51da635720f14a8ba07ebd1d7f842232~mv2.jpg"",""alt"":"""",""src"":""wix:image://v1/f886ce_51da635720f14a8ba07ebd1d7f842232~mv2.jpg/_.jpg#originWidth=1920&originHeight=1080"",""title"":"""",""type"":""image"",""settings"":{""width"":1920,""height"":1080,""focalPoint"":[0.5,0.5]}},{""description"":"""",""slug"":""f886ce_78f5a33f400e4f28820773c47d042bb3~mv2.jpg"",""alt"":"""",""src"":""wix:image://v1/f886ce_78f5a33f400e4f28820773c47d042bb3~mv2.jpg/_.jpg#originWidth=1920&originHeight=1080"",""title"":"""",""type"":""image"",""settings"":{""width"":1920,""height"":1080,""focalPoint"":[0.5,0.5]}},{""description"":"""",""slug"":""f886ce_eb0635b7570c42498b230a942f7b40d5~mv2.jpg"",""alt"":"""",""src"":""wix:image://v1/f886ce_eb0635b7570c42498b230a942f7b40d5~mv2.jpg/_.jpg#originWidth=1920&originHeight=1080"",""title"":"""",""type"":""image"",""settings"":{""width"":1920,""height"":1080,""focalPoint"":[0.5,0.5]}},{""description"":"""",""slug"":""f886ce_ccf6098de9fd424fa448d274ecd8315a~mv2.jpg"",""alt"":"""",""src"":""wix:image://v1/f886ce_ccf6098de9fd424fa448d274ecd8315a~mv2.jpg/_.jpg#originWidth=1920&originHeight=1080"",""title"":"""",""type"":""image"",""settings"":{""width"":1920,""height"":1080,""focalPoint"":[0.5,0.5]}},{""description"":"""",""slug"":""f886ce_51520f8abc6b4849be64db07fc02c41c~mv2.jpg"",""alt"":"""",""src"":""wix:image://v1/f886ce_51520f8abc6b4849be64db07fc02c41c~mv2.jpg/_.jpg#originWidth=3840&originHeight=2160"",""title"":"""",""type"":""image"",""settings"":{""width"":3840,""height"":2160,""focalPoint"":[0.5,0.5]}}]",,"[""Residential""]",5,false,"/portfolio/maame-sika's-residence","/portfolio/","[""Design""]","Accra","2021"
"Ekyem Presby","a9c93550-c213-4d0a-a5d1-eac21419b72b",2025-03-02T00:53:52Z,2025-06-14T21:21:32Z,"f886ce41-8d4b-4f0a-84ae-4e65ff76df9f","wix:image://v1/f886ce_8279733709884820b2d4c520d14a1430~mv2.jpg/religious1.jpg#originWidth=2560&originHeight=1440","Inspired by the unending horizon, this coastal home is designed to embrace the ebb and flow of the sea. The living room extends into a sun-drenched terrace, where soft sea breezes carry the scent of salt and freedom. In the bedrooms, neutral palettes, soft linens, and panoramic views set the stage for restful slumber, while the master suite boasts a spa-like bath that echoes the serenity of the shoreline. The kitchen is a refined yet relaxed space, featuring natural stone countertops and an open-plan design that fosters connection. A dining area bathed in golden coastal light invites slow, thoughtful meals with a view. Outside, a lush garden with swaying palms and an infinity pool mirrors the vast ocean beyond, making this home not just a residence, but a living, breathing coastal retreat.",,,,"[""Religious""]",,,"/portfolio/ekyem-presby","/portfolio/","[""Design""]","Ekyem","2023"
" Pres_Summer Hut","aef744cf-454f-47c6-b18b-3582c759d702",2025-03-02T00:53:52Z,2025-06-14T22:13:19Z,"f886ce41-8d4b-4f0a-84ae-4e65ff76df9f","wix:image://v1/f886ce_6253e3b39c234b2194193944ef538ecf~mv2.jpg/pres_hut.jpg#originWidth=1080&originHeight=607","Step into a realm where architecture becomes poetry. This open-air pavilion redefines leisure, blending rich timber, terracotta tile, and modern structure with effortless harmony. The bold V-shaped columns don't just support—they make a statement. Ideal for serene retreats or chic outdoor dining, its airy lattice roof casts dappled light like nature’s chandelier. The city may lie in the distance, but here, calm is king. This isn’t just a space—it’s a sensation of refined ease, where every breeze whispers sophistication.",,"[{""description"":"""",""slug"":""f886ce_6253e3b39c234b2194193944ef538ecf~mv2.jpg"",""alt"":"""",""src"":""wix:image://v1/f886ce_6253e3b39c234b2194193944ef538ecf~mv2.jpg/_.jpg#originWidth=1080&originHeight=607"",""title"":"""",""type"":""image"",""settings"":{""width"":1080,""height"":607,""focalPoint"":[0.5,0.5]}},{""description"":"""",""slug"":""f886ce_2195f851e75940309fd675761316a288~mv2.jpg"",""alt"":"""",""src"":""wix:image://v1/f886ce_2195f851e75940309fd675761316a288~mv2.jpg/_.jpg#originWidth=450&originHeight=1000"",""title"":"""",""type"":""image"",""settings"":{""width"":450,""height"":1000,""focalPoint"":[0.5,0.5]}},{""description"":"""",""slug"":""f886ce_829c17ecb27348e78f8a6a87551df7d1~mv2.jpg"",""alt"":"""",""src"":""wix:image://v1/f886ce_829c17ecb27348e78f8a6a87551df7d1~mv2.jpg/_.jpg#originWidth=450&originHeight=1000"",""title"":"""",""type"":""image"",""settings"":{""width"":450,""height"":1000,""focalPoint"":[0.5,0.5]}},{""description"":"""",""slug"":""f886ce_9e9ff424bdd743b4a3b6859c4e07e764~mv2.jpg"",""alt"":"""",""src"":""wix:image://v1/f886ce_9e9ff424bdd743b4a3b6859c4e07e764~mv2.jpg/_.jpg#originWidth=2560&originHeight=1440"",""title"":"""",""type"":""image"",""settings"":{""width"":2560,""height"":1440,""focalPoint"":[0.5,0.5]}},{""description"":"""",""slug"":""f886ce_6ba87bb6c0654b5492b5cb7f1be229ad~mv2.jpg"",""alt"":"""",""src"":""wix:image://v1/f886ce_6ba87bb6c0654b5492b5cb7f1be229ad~mv2.jpg/_.jpg#originWidth=2560&originHeight=1440"",""title"":"""",""type"":""image"",""settings"":{""width"":2560,""height"":1440,""focalPoint"":[0.5,0.5]}},{""description"":"""",""slug"":""f886ce_65a759fec7c34e8d9fd04d68297618e1~mv2.jpg"",""alt"":"""",""src"":""wix:image://v1/f886ce_65a759fec7c34e8d9fd04d68297618e1~mv2.jpg/_.jpg#originWidth=2560&originHeight=1440"",""title"":"""",""type"":""image"",""settings"":{""width"":2560,""height"":1440,""focalPoint"":[0.5,0.5]}},{""description"":"""",""slug"":""f886ce_d9e93095d938451da8a827199a449918~mv2.jpg"",""alt"":"""",""src"":""wix:image://v1/f886ce_d9e93095d938451da8a827199a449918~mv2.jpg/_.jpg#originWidth=2560&originHeight=1440"",""title"":"""",""type"":""image"",""settings"":{""width"":2560,""height"":1440,""focalPoint"":[0.5,0.5]}},{""description"":"""",""slug"":""f886ce_bb456f59941b496382a5d29b36fb16fc~mv2.jpg"",""alt"":"""",""src"":""wix:image://v1/f886ce_bb456f59941b496382a5d29b36fb16fc~mv2.jpg/_.jpg#originWidth=2560&originHeight=1440"",""title"":"""",""type"":""image"",""settings"":{""width"":2560,""height"":1440,""focalPoint"":[0.5,0.5]}}]",,"[""Recreational""]",2,true,"/portfolio/pres_summer-hut","/portfolio/","[""Completed""]","Kumasi","2022"
"Prabon Greenfields Model_E","d28bc2e5-e473-46d0-99d3-4b497405733d",2025-03-02T00:53:52Z,2025-06-14T21:23:42Z,"f886ce41-8d4b-4f0a-84ae-4e65ff76df9f","wix:image://v1/f886ce_3bdc02b87f404c9d9ee7b9332a9b2a95~mv2.jpg/A_30---Photo.jpg#originWidth=2560&originHeight=1440","Nestled within a lush tropical setting, this residence is a masterpiece of seamless indoor-outdoor living. The living spaces breathe with nature, featuring expansive glass walls and open courtyards that invite natural light and refreshing breezes. The bedrooms are personal retreats, where floor-to-ceiling windows frame vibrant greenery, and wooden accents create a warm, organic ambiance. The kitchen and dining areas embrace communal living, blending earthy textures with modern finishes to create a space where cooking and conversation flow effortlessly. Stepping into the garden, a curated oasis of native flora, water features, and shaded lounges complete this tranquil retreat, blurring the boundaries between home and nature.",,"[{""description"":"""",""slug"":""f886ce_8934836132274bea81cfe764e8f8155a~mv2.jpg"",""alt"":"""",""src"":""wix:image://v1/f886ce_8934836132274bea81cfe764e8f8155a~mv2.jpg/_.jpg#originWidth=2560&originHeight=1440"",""title"":"""",""type"":""image"",""settings"":{""width"":2560,""height"":1440,""focalPoint"":[0.5,0.5]}},{""description"":"""",""slug"":""f886ce_034a37d9c4e84d0497985f9e0365f98c~mv2.jpg"",""alt"":"""",""src"":""wix:image://v1/f886ce_034a37d9c4e84d0497985f9e0365f98c~mv2.jpg/_.jpg#originWidth=2560&originHeight=1440"",""title"":"""",""type"":""image"",""settings"":{""width"":2560,""height"":1440,""focalPoint"":[0.5,0.5]}},{""description"":"""",""slug"":""f886ce_9c1d42d0c2424b2db5290a3589b85077~mv2.jpg"",""alt"":"""",""src"":""wix:image://v1/f886ce_9c1d42d0c2424b2db5290a3589b85077~mv2.jpg/_.jpg#originWidth=2560&originHeight=1440"",""title"":"""",""type"":""image"",""settings"":{""width"":2560,""height"":1440,""focalPoint"":[0.5,0.5]}},{""description"":"""",""slug"":""f886ce_4e64a9a25709408a832128750e4756d1~mv2.jpg"",""alt"":"""",""src"":""wix:image://v1/f886ce_4e64a9a25709408a832128750e4756d1~mv2.jpg/_.jpg#originWidth=2560&originHeight=1440"",""title"":"""",""type"":""image"",""settings"":{""width"":2560,""height"":1440,""focalPoint"":[0.5,0.5]}},{""description"":"""",""slug"":""f886ce_3bdc02b87f404c9d9ee7b9332a9b2a95~mv2.jpg"",""alt"":"""",""src"":""wix:image://v1/f886ce_3bdc02b87f404c9d9ee7b9332a9b2a95~mv2.jpg/_.jpg#originWidth=2560&originHeight=1440"",""title"":"""",""type"":""image"",""settings"":{""width"":2560,""height"":1440,""focalPoint"":[0.5,0.5]}}]",,"[""Residential""]",1,true,"/portfolio/prabon-greenfields-model_e","/portfolio/","[""In Progress""]","Prabon","2023"
"Mr and Mrs Ababio's Residence ","eb62e91b-e722-4140-81cc-e6173df97ec7",2025-03-02T00:53:52Z,2025-06-16T15:07:22Z,"f886ce41-8d4b-4f0a-84ae-4e65ff76df9f","wix:image://v1/f886ce_227bd86cf7d0426cab31e555b839f99b~mv2.jpg/2_4---Photo.jpg#originWidth=2560&originHeight=1440","Sculpted lines. Warm wood accents. Tropical elegance. This contemporary villa is an architectural symphony that speaks luxury in fluent silence. Its interplay of textures—concrete, wood, glass—brings nature and geometry into perfect dialogue. Vertical wooden slats filter sunlight like palm fronds, offering privacy without losing connection to the lush outdoors. Inside, open-plan living stretches into terraces that breathe with the landscape. Designed for those who demand art in their architecture and presence in their peace. This is not just a home—it’s a modern sanctuary.",,"[{""description"":"""",""slug"":""f886ce_227bd86cf7d0426cab31e555b839f99b~mv2.jpg"",""alt"":"""",""src"":""wix:image://v1/f886ce_227bd86cf7d0426cab31e555b839f99b~mv2.jpg/_.jpg#originWidth=2560&originHeight=1440"",""title"":"""",""type"":""image"",""settings"":{""width"":2560,""height"":1440,""focalPoint"":[0.5,0.5]}},{""description"":"""",""slug"":""f886ce_2dba60a1fc4347e9ab55ea6466d398a3~mv2.jpg"",""alt"":"""",""src"":""wix:image://v1/f886ce_2dba60a1fc4347e9ab55ea6466d398a3~mv2.jpg/_.jpg#originWidth=2560&originHeight=1440"",""title"":"""",""type"":""image"",""settings"":{""width"":2560,""height"":1440,""focalPoint"":[0.5,0.5]}},{""description"":"""",""slug"":""f886ce_f5736b708ff941de8b61bfbdc34b20a9~mv2.jpg"",""alt"":"""",""src"":""wix:image://v1/f886ce_f5736b708ff941de8b61bfbdc34b20a9~mv2.jpg/_.jpg#originWidth=2560&originHeight=1440"",""title"":"""",""type"":""image"",""settings"":{""width"":2560,""height"":1440,""focalPoint"":[0.5,0.5]}},{""description"":"""",""slug"":""f886ce_94f14a1ae76f46208776a1026c2e5484~mv2.jpg"",""alt"":"""",""src"":""wix:image://v1/f886ce_94f14a1ae76f46208776a1026c2e5484~mv2.jpg/_.jpg#originWidth=2560&originHeight=1440"",""title"":"""",""type"":""image"",""settings"":{""width"":2560,""height"":1440,""focalPoint"":[0.5,0.5]}},{""description"":"""",""slug"":""f886ce_33db1638fb1746b4a0ff59e5ff690cfe~mv2.jpg"",""alt"":"""",""src"":""wix:image://v1/f886ce_33db1638fb1746b4a0ff59e5ff690cfe~mv2.jpg/_.jpg#originWidth=2560&originHeight=1440"",""title"":"""",""type"":""image"",""settings"":{""width"":2560,""height"":1440,""focalPoint"":[0.5,0.5]}},{""description"":"""",""slug"":""f886ce_afeed28b821d4cabb0545619ca513aa1~mv2.jpg"",""alt"":"""",""src"":""wix:image://v1/f886ce_afeed28b821d4cabb0545619ca513aa1~mv2.jpg/_.jpg#originWidth=2560&originHeight=1440"",""title"":"""",""type"":""image"",""settings"":{""width"":2560,""height"":1440,""focalPoint"":[0.5,0.5]}},{""description"":"""",""slug"":""f886ce_98e151640c82466992b7a350a909603e~mv2.jpg"",""alt"":"""",""src"":""wix:image://v1/f886ce_98e151640c82466992b7a350a909603e~mv2.jpg/_.jpg#originWidth=2560&originHeight=1440"",""title"":"""",""type"":""image"",""settings"":{""width"":2560,""height"":1440,""focalPoint"":[0.5,0.5]}}]",,"[""Residential""]",4,false,"/portfolio/mr-and-mrs-ababio's-residence","/portfolio/","[""In Progress""]","Cape Coast","2024"
